"id","date","time","content"
38e1e2e6-d62d-4c0f-9aaf-1940fbfa303e,2023-06-01,08:45:00,Sample content 2
8c95a0a0-0a4a-4c56-8d12-7db2c8b2874c,2023-06-02,14:20:00,Sample content 3
6743d987-58d0-4d4e-afae-3b3e33b678dc,2023-06-03,12:10:00,Sample content 4
9a1d5b57-c3d0-4a82-b4b6-0807b33f8555,2023-06-04,09:35:00,Sample content 5
c7b80eaa-f4f2-401e-853c-c4f2dce36f5a,2023-06-05,16:45:00,Sample content 6
d6c7d46b-cd45-4c85-9a24-15bc829e2df2,2023-06-06,13:55:00,Sample content 7
a2a70783-4373-45e1-a011-1b6bc8fbc8b7,2023-06-07,11:25:00,Sample content 8
4c7c2de3-2985-4f59-894d-47fdd3c618fe,2023-06-08,17:15:00,Sample content 9
f32d7c4b-7906-4e50-a693-877cd9f51c86,2023-06-09,15:05:00,Sample content 10
c4c00a1e-c45f-41ea-8a86-81b94d48a7a0,2023-06-10,10:55:00,Sample content 11
4a4e0fa6-5290-4ab9-b0c7-9e7c011f1d89,2023-06-11,18:40:00,Sample content 12
e0b7391a-53b3-4b36-9974-7f6b7a7469e1,2023-06-12,16:30:00,Sample content 13
5d45c5f1-98f3-46e6-a7a1-83f10876a15e,2023-06-13,11:20:00,Sample content 14
3ed201a4-1960-4426-bda7-55d50e0d437f,2023-06-14,19:00:00,Sample content 15
67fc8bc5-0a44-4e0e-9a92-5c0a2f5a3b5f,2023-06-15,14:50:00,Sample content 16